session_id,applicant_id,session_status,risk_class_decision_date_time
P2F4kSPf5a,YVotX3F2N,MISSING_INFO,
Oxu16UriGm,kldtjKhwY,DROP_OFF,2259-06-11 14:41:28.223000+00:00
6KF2Bsmipg,RqnSYLUPy,MISSING_INFO,
w6hWVt6U50,anotlgSd0,NO_SHOW,
52uXYfVfl3,QloCn7Hvo,COMPLETED,2258-08-10 17:53:29.740000+00:00
B8ULKhrfYO,YQzFVeUMj,COMPLETED,2258-09-03 19:18:34.182000+00:00
gzHLqcviYD,JJzIa1u7r,NO_SHOW,2258-11-06 14:24:21.684000+00:00
A2uOeIjiz2,Q8Gi1xUAW,COMPLETED,2258-12-29 15:58:55.953000+00:00
m2h26SkiWR,zMeCBKH0G,DROP_OFF,2258-11-23 15:23:53.357000+00:00
5EHLNslU7M,yn2I3xC3o,COMPLETED,2259-02-19 18:50:25.652000+00:00
kxfVRfJipm,wzRuObieb,COMPLETED,2259-01-18 20:31:16.677000+00:00
00ujVsNUMv,vpBfKmSVG,COMPLETED,2258-11-18 17:49:42.251000+00:00
bKUkqHYCQW,kXxiMnTaK,COMPLETED,2259-05-21 20:50:02.775000+00:00
PRIEXHqfv6,pVAsmBh5M,COMPLETED,2258-10-26 16:15:42.261000+00:00
5kTlMSmfvN,owoh6PHpL,NO_SHOW,2258-03-13 23:09:18.964000+00:00
bXHlAu5hDl,MxGc0yHLv,COMPLETED,2259-03-19 15:35:30.991000+00:00
5qTxgUKh91,aG0tWVizV,NO_SHOW,2258-04-29 15:12:30.144000+00:00
9jUzKuZh7P,0E3C3lTpN,COMPLETED,2259-06-18 15:40:36.229000+00:00
xDFboSVh9M,AGnHjqugn,COMPLETED,2258-10-09 14:37:01.565000+00:00
oGFJQh5hjN,MxXCJGCM9,COMPLETED,2259-05-27 18:51:20.647000+00:00
K5inaU8s46,rlos6rh4V,COMPLETED,2259-01-04 17:35:55.221000+00:00
zQUL9SmsEj,lapFg7C7g,MISSING_INFO,
4ZIDbUas9W,bgxF8MCwX,COMPLETED,2259-07-06 20:08:19.027000+00:00
1yuN6fLFw8,ANQiBnTBP,COMPLETED,2259-05-05 21:37:16.325000+00:00
27iP7fLFg7,85VIVPsW0,COMPLETED,2259-05-20 19:17:17.301000+00:00
eWsJGFOFjJ,9zZt5KU9M,NO_SHOW,2259-01-15 14:32:25.923000+00:00
LPSZqsjFko,NRNsXrf4v,COMPLETED,2259-02-04 22:44:44.889000+00:00
emtY4UXFln,VjQuGgcZl,MISSING_INFO,
nWHOwhaFG9,ZaOuXpCa1,COMPLETED,2259-06-02 18:47:34.352000+00:00
eVsX9IrIqg,ZylH3EcbK,COMPLETED,2258-06-19 15:39:15.948000+00:00
znf0BH9I8a,X69HjPUNk,NO_SHOW,2259-05-06 18:07:43.352000+00:00
aDuj7t2sB8,1oQhGWcX2,DROP_OFF,2259-03-17 17:23:07.178000+00:00
y7fpEc1uzv,AEvI4Lc3l,MISSING_INFO,
n5fKdsBFbN,Jdxce8Sd9,COMPLETED,2259-05-31 21:54:38.683000+00:00
zRtqaS4uo5,rydFNYSbd,NO_SHOW,2259-06-28 16:33:13.164000+00:00
bptXyFyFk9,EB4h03Twa,COMPLETED,2259-06-25 17:36:01.068000+00:00
KLHY3UnFQD,E1AF8lI8k,MISSING_INFO,
n4fkyU4c5k,Q3GfKYujB,DROP_OFF,2258-06-19 19:33:11.365000+00:00
PxI0XsKcxv,WnJCXjTgq,COMPLETED,2258-12-30 15:15:51.754000+00:00
4zIw3hLC7d,PGPTKgcYd,COMPLETED,2258-06-01 20:49:44.021000+00:00
KGIGXC6UAK,qLrFq0h40,COMPLETED,2259-03-11 17:33:45.279000+00:00
b4Id6IKU4j,wB7Cp5hGe,MISSING_INFO,
ZoCpYUyS0d,5LJsw2t6E,MISSING_INFO,
lWU8WTjSeW,BEZs62CWl,MISSING_INFO,
emIjPT8tmX,qEKfdjcap,COMPLETED,2259-04-12 20:48:31.235000+00:00
zACa7IetNy,E72iy9T0d,NO_SHOW,2259-03-30 15:48:21.075000+00:00
EjhYQFdCgK,VG9Ie7c59,MISSING_INFO,
LzszGtgf01,MXnC37f6l,COMPLETED,2259-07-09 15:38:39.466000+00:00
DYF03sxf5G,j2nidyHGj,MISSING_INFO,
14hxGs0ioa,yGWHovUre,COMPLETED,2258-06-05 22:07:47.588000+00:00
jOtlBFaiRy,aZzS2Ls6v,MISSING_INFO,
ReFmNuehAQ,V17SGNFWp,NO_SHOW,2258-04-10 20:11:27.202000+00:00
X2ieMt6sXr,XkYuQvTaX,COMPLETED,2259-04-23 20:46:08.496000+00:00
KwTbPHosZn,420ivOtBD,NO_SHOW,2258-08-04 17:46:43.523000+00:00
8gheXFms1n,9nJtN8hwA,DROP_OFF,2258-11-25 18:44:40.078000+00:00
lmtbyFEsZV,5E5S72Crw,COMPLETED,2259-07-07 15:38:03.584000+00:00
N8FzNUauEa,eDJt1zixq,MISSING_INFO,
WrHz2fyuJb,59DS4efg2,COMPLETED,2259-02-02 21:10:17.828000+00:00
wWF8ytvukM,ZNRcdmCG6,NO_SHOW,2259-05-28 15:21:46.241000+00:00
MbhPjT3INB,2AXcbxuD3,COMPLETED,2259-05-19 17:48:41.781000+00:00
dptdbt5Iek,jAJcN8S1d,DROP_OFF,2258-10-21 14:27:50.095000+00:00
y8uYmH3Ioz,nMvs0oFGa,NO_SHOW,2258-04-09 21:16:05.929000+00:00
DvIv0C9u40,AAysk4CvX,COMPLETED,2258-08-31 14:55:18.610000+00:00
oNhjkTVFMD,yGWHovUre,DROP_OFF,2258-06-05 21:28:00.391000+00:00
NLIyaCrcoY,J9qF59t8N,MISSING_INFO,
4qtxqUvc6w,nqlioxtZE,COMPLETED,2258-08-25 20:15:01.494000+00:00
EysBWIJhrN,D5Ksn1f0P,COMPLETED,2259-05-03 17:42:50.451000+00:00
B5hJwsGsG4,NNBueWIo9,COMPLETED,2259-05-28 14:52:38.337000+00:00
amuOoS6Cjy,kd4Id0SRo,COMPLETED,2258-11-16 14:33:25.101000+00:00
yxSBEUgHoQ,K31cnBc6x,COMPLETED,2258-11-18 16:03:38.649000+00:00
ekC15IQSgY,l4XtKoHXd,NO_SHOW,2258-07-06 14:13:51.262000+00:00
ZktP3HGSeO,QApFvjC5E,COMPLETED,2259-05-12 16:02:14.287000+00:00
vqt73HKf7X,4x3h1ou9R,MISSING_INFO,
a0u8lSPt5g,kAgH25uZk,DROP_OFF,2259-01-18 20:00:33.925000+00:00
rwfO6FxC2N,6qwFnqCGJ,COMPLETED,2258-06-19 15:34:39.789000+00:00
AXSO5IKCKm,xOzFJkFwe,COMPLETED,2258-12-10 14:40:03.437000+00:00
exF30IaHyP,emlIVnTK4,DROP_OFF,2258-12-30 20:29:14.037000+00:00
12ClnSaHlr,6mQC5jTEd,COMPLETED,2258-12-30 14:37:51.038000+00:00
ONI3OtwHJV,X6QSpRcwX,COMPLETED,2259-05-12 18:10:34.792000+00:00
rWSjVIXfBM,MXnC37f6l,NO_SHOW,2259-07-08 15:29:32.007000+00:00
O8t31iYfGY,yn2I3xC3o,DROP_OFF,2259-02-19 17:24:33.192000+00:00
kPSzqI6i7x,enbszRHb5,COMPLETED,2259-04-20 21:09:03.515000+00:00
05IEAFrt3D,OAyCx9IzD,MISSING_INFO,
veIpKu7t1x,GwqhQwso0,MISSING_INFO,
o8SD1fnu2r,3j2I9mcZM,COMPLETED,2259-01-07 15:38:13.951000+00:00
PPU7pC8u4l,MQ1SXlf4L,COMPLETED,2259-03-31 20:45:09.455000+00:00
4dI3mS4uPE,1oQhGWcX2,COMPLETED,2259-04-15 16:07:13.217000+00:00
LvCRrHeupy,rnxc6jH1G,COMPLETED,2259-07-05 19:02:17.182000+00:00
MWiqeS9Foa,Lx9tR5I4k,COMPLETED,2259-04-28 17:04:35.935000+00:00
WXHyGSLI6K,586CRYhBV,DROP_OFF,2259-07-07 14:14:30.464000+00:00
PPCOgueIeM,z3MIZLIz8,DROP_OFF,2258-10-22 14:34:53.839000+00:00
v1u1yiXIqQ,rBPIG1fJG,COMPLETED,2259-01-06 16:10:46.242000+00:00
QguvMFQcya,a01UdMF7X,COMPLETED,2258-02-20 18:33:01.471000+00:00
goIPmUqc2Z,YVotX3F2N,COMPLETED,2258-11-05 15:52:07.379000+00:00
Mys7ySnUr8,6E4sz8ikJ,MISSING_INFO,
7lSRxf6UNQ,RJbFg1S2B,COMPLETED,2258-09-07 14:40:21.144000+00:00
dPfJRUPUWo,jAJcN8S1d,NO_SHOW,2258-10-09 14:50:18.504000+00:00
ZNTE8caswo,redCv4uGO,MISSING_INFO,2258-12-23 17:45:50.011000+00:00
ZNT54Hguw3,LrzCKGc3o,MISSING_INFO,2258-07-22 15:24:36+00:00
M6H1LirFra,EjyH5GIVB,DROP_OFF,2259-06-29 21:18:59.702000+00:00
9nIpLfYFnR,NkeC3NsMZ,MISSING_INFO,
jPtdKt3F3q,ZR6T2ohp5,MISSING_INFO,
vVuD0H7IyD,ZR0cryul6,COMPLETED,2259-03-09 15:43:58.683000+00:00
39Hjzu0cN3,ragIJDIva,COMPLETED,2259-05-28 17:09:27.209000+00:00
9miVRiycEB,n8lcEQf7V,COMPLETED,2259-01-07 19:43:22.259000+00:00
JDuymtBFw1,lr7SD6fqL,DROP_OFF,2258-07-01 21:32:28.950000+00:00
3kfaNu3Fv7,2zrHdzSJz,NO_SHOW,2258-10-15 15:03:31.545000+00:00
BeT40HWFRQ,jngCLNsJg,COMPLETED,2259-04-06 16:33:04.489000+00:00
wPuDPTAFNE,oR2H0zuyG,MISSING_INFO,
pqsnDSWIje,KAJiZ5COr,MISSING_INFO,
oxUB2tNI1Y,vXjhOdSmA,MISSING_INFO,
J8igqsgI2P,M3Jcxlc6Z,DROP_OFF,2258-08-04 22:04:04.022000+00:00
5Ys2aH6cyB,zZlHgbc0k,COMPLETED,2259-06-10 19:33:46.364000+00:00
WeHW4hycxk,z3MIZLIz8,COMPLETED,2258-10-29 14:35:17.767000+00:00
7PiLMCJUQv,vZYI2etMr,COMPLETED,2259-06-09 22:01:52.671000+00:00
lMSw5HvsQy,M6Nc3pt5R,COMPLETED,2258-11-06 19:53:53.162000+00:00
Dqi2vTDuYd,8x6irDUYR,COMPLETED,2258-04-15 23:12:54.928000+00:00
YwuBpfeCX9,R0YSVMUnP,NO_SHOW,2259-06-11 17:33:15.608000+00:00
3bHAdhZCXD,o4jTbgfDx,COMPLETED,2259-02-11 16:41:09.127000+00:00
X6UjbTOHep,Jokf7GH49,MISSING_INFO,
2ySp2hqHyq,bgxF8MCwX,DROP_OFF,2259-07-06 18:45:43.876000+00:00
X0t9qF9f1w,5j9ueycvY,COMPLETED,2259-03-05 22:26:31.776000+00:00
0ECOXivfY9,VpmtyaiXk,COMPLETED,2259-04-01 22:51:19.132000+00:00
9rC0eSjfzw,8dou7NT3n,MISSING_INFO,
M2tqwUjfrL,r5ncJoTqm,COMPLETED,2259-01-26 21:14:05.721000+00:00
OLF94UDCGk,JvnsdPH7j,COMPLETED,2258-10-29 19:49:07.804000+00:00
q0CVzCBHZV,WLmHp9hkz,COMPLETED,2258-12-18 19:18:58.103000+00:00
rvhe8HAf9A,eAaTVRS0v,MISSING_INFO,
a9U8juEHb6,Azjs8NfjD,COMPLETED,2258-12-28 18:25:14.341000+00:00
3yudvujSGO,VjQuGgcZl,COMPLETED,2259-05-13 20:25:19.194000+00:00
Q8TJpf5fP0,zowiy4HX4,NO_SHOW,2259-05-03 22:41:40.559000+00:00
Q8uL2TXtZ2,eXaCVvTNp,MISSING_INFO,
Mri90tYCY1,R2LcQ5hVn,COMPLETED,2259-05-17 14:39:43.788000+00:00
PVfLYsKFYx,wlKhZ6czX,MISSING_INFO,
RWfJXFnF4v,Ej4iGMHLp,COMPLETED,2258-08-07 19:08:26.781000+00:00
bGT4MsLFV0,EdktlYTO1,COMPLETED,2259-07-01 15:39:58.835000+00:00
75IX0c5cpg,4MVIWRH8w,NO_SHOW,2258-09-14 17:21:49.708000+00:00
dmtR9iJcQn,0JzHjRIgJ,MISSING_INFO,2258-08-05 05:00:09+00:00
YkCw8hrsbw,z3MIZLIz8,COMPLETED,2259-05-03 19:40:14.058000+00:00
RYSrNfvUWR,4Xlh1DTLE,COMPLETED,2258-01-21 17:11:51.289000+00:00
87igJCWUoO,x70F6Zueb,MISSING_INFO,
wkf4jtGFXV,77ot2NFAX,COMPLETED,2259-06-16 19:34:51.972000+00:00
3pfAWtpIgd,B2NIjAt75,NO_SHOW,2259-05-20 17:12:38.976000+00:00
grsENtZc7x,6lat83SlK,COMPLETED,2259-02-05 18:33:43.180000+00:00
yNTy7swhy5,eK1cy0Tem,COMPLETED,2258-11-20 22:17:57.370000+00:00
OlSnEswhW9,V7vTG2SeL,COMPLETED,2258-09-18 19:03:06.351000+00:00
vvtEXUEsxq,58ZcgJToN,MISSING_INFO,
LLIyaSRFaq,OejuAWIjn,COMPLETED,2259-01-27 16:07:03.754000+00:00
b3IZ3hBFqK,zMeCBKH0G,COMPLETED,2258-11-23 17:32:28.343000+00:00
KPi46faHnE,zpmuXRHlQ,COMPLETED,2258-03-05 19:16:24.022000+00:00
RjteXfjHjn,zP5ukrC0r,COMPLETED,2259-04-01 16:38:12.675000+00:00
qXsqvfdSdX,6jeIAwieB,DROP_OFF,2258-08-21 16:33:19.620000+00:00
bGSxKtJfAY,9z2hBxsgj,COMPLETED,2258-06-16 15:36:54.312000+00:00
0KTv0I2fwr,D09IdAhg5,COMPLETED,2258-11-10 15:55:09.450000+00:00
RVteLSXfKE,PLdTQvFpJ,COMPLETED,2258-11-05 14:39:42.785000+00:00
OyH3yT5id7,zKPTGPi5e,NO_SHOW,2259-05-27 15:23:40.385000+00:00
ekCbBuaiab,rWYFakCzG,MISSING_INFO,
7dtqNuMCVY,drBhWGtgy,COMPLETED,2258-06-12 16:21:27.004000+00:00
JzfLOt5HDe,BjeC7jHAV,MISSING_INFO,
3RTyYUnSgn,9zZt5KU9M,COMPLETED,2259-01-15 18:35:02.879000+00:00
p3ImyH4SV4,lBKsy9cva,DROP_OFF,2259-01-06 20:24:29.860000+00:00
elu0OTeS0e,44kSGyTPa,MISSING_INFO,
L3t7VT0f25,Y9QCXMcbX,COMPLETED,2259-05-31 16:47:54.857000+00:00
EAUrBT9fM6,QmQtdwSno,COMPLETED,2259-02-12 20:39:06.755000+00:00
9ot89T2iKp,D6AUg0txw,DROP_OFF,2259-02-10 18:33:52.094000+00:00
B2InQCzSmq,PlaCaEikB,COMPLETED,2259-01-04 19:48:23.825000+00:00
NDuoYUQf0Z,zd4CoyhJz,COMPLETED,2259-02-23 20:33:12.958000+00:00
grsNlCmfXZ,5ZYfY5CQ0,COMPLETED,2258-08-20 20:03:33.524000+00:00
21uRDhRijn,20MU8pFdw,MISSING_INFO,
xaUmQspiD9,WdDsQxFWL,COMPLETED,2258-10-11 16:35:21.147000+00:00
qnIzQhmipQ,9ynH8yh0Y,COMPLETED,2259-06-11 16:51:52.868000+00:00
YDHkvIxtdb,9ldF8VILK,COMPLETED,2259-07-01 20:43:15.736000+00:00
XvCJjtAtVX,BQ0CPRtRD,DROP_OFF,2258-05-11 18:26:06.089000+00:00
87hmVTKtPV,OgbHZyC26,COMPLETED,2259-05-25 16:54:18.436000+00:00
7NfZlsjHrE,qA6TY5u8b,NO_SHOW,2258-09-22 15:53:59.176000+00:00
zkFr6tMUdM,WvJCEGtq5,NO_SHOW,2258-10-29 20:18:54.221000+00:00
w1Sb7uoc0o,2d0F0giEz,COMPLETED,2259-07-02 20:06:16.179000+00:00
lVfqQu5hyV,OgWud4tBq,COMPLETED,2258-12-11 17:14:17.877000+00:00
rrhPDt0sy9,LjwCX3SLB,COMPLETED,2259-06-17 14:42:06.533000+00:00
oxF39iluBq,kLosnqCA8,DROP_OFF,2258-12-18 21:03:46.819000+00:00
yQF56hruxg,7l5H1eFBD,COMPLETED,2259-03-24 18:18:09.997000+00:00
EoTLGcXFYZ,PkDImLH6O,NO_SHOW,
pES0gHBFmR,Nqkf8OHO4,COMPLETED,2259-03-19 22:58:46.880000+00:00
oeFJRUlU8o,VJnIVkumA,MISSING_INFO,
0ztkmU4s87,LGBTWpfgn,COMPLETED,2259-03-19 20:45:45.998000+00:00
ArUP1tdcxO,WWltB4iM9,DROP_OFF,2258-01-22 08:55:43.975000+00:00
MvF6oTKh02,qPAuletgy,COMPLETED,2258-07-03 19:22:56.562000+00:00
jmil9Uws9o,oE1T96CRW,MISSING_INFO,
Met90S6s4o,QLwHDdhoP,DROP_OFF,2258-12-17 21:16:18.412000+00:00
zRT8QfKsAk,QBxt25hbx,COMPLETED,2259-05-07 18:01:42.168000+00:00
jvhG1sxuEG,Bg9CzJukD,COMPLETED,2259-04-27 20:45:45.223000+00:00
68UjzhpFJX,NpySdAfQW,NO_SHOW,2258-10-16 14:22:57.824000+00:00
leSQBiNU5M,eJRhO0SOP,NO_SHOW,2258-09-07 17:18:07.218000+00:00
MVTzZs6UlK,wEAtDGuvA,COMPLETED,2258-12-01 15:19:49.102000+00:00
7afJ3hphMO,j1YFxGIlR,COMPLETED,2258-07-13 16:15:59.449000+00:00
qGIq7SghK6,ZeECWKSmJ,MISSING_INFO,
wlHQzf4hA6,PAnF9vfza,COMPLETED,2259-07-09 17:46:47.921000+00:00
ZPU9Qhounp,aRQcgEfgE,COMPLETED,2259-05-26 18:48:33.747000+00:00
EXU8acGIg6,57jf3ZcaB,COMPLETED,2259-01-27 16:54:12.068000+00:00
3buGrIqc80,2rlHQgsoY,NO_SHOW,2258-11-02 17:20:26.382000+00:00
vvfBAIWhrP,PEqtXvTqy,COMPLETED,2259-05-21 21:55:11.952000+00:00
bJSEBFXhVn,VJnIVkumA,MISSING_INFO,2258-08-17 15:07:28+00:00
R9SqWugs9p,Yw9IaqFvx,COMPLETED,2259-06-04 14:37:43.574000+00:00
0wt73CLsrm,R0YSVMUnP,COMPLETED,2259-06-15 16:16:53.625000+00:00
y8uVoudFm5,9r4trwTjn,COMPLETED,2259-04-15 16:30:26.737000+00:00
VoU1yIRs81,X69HjPUNk,NO_SHOW,2259-05-19 14:19:42.022000+00:00
7rI7zFYsnQ,yAmh4gsbk,MISSING_INFO,
NbfnlIysol,owoh6PHpL,DROP_OFF,2258-03-05 15:35:57.076000+00:00
vvFgds5u0v,8x6irDUYR,NO_SHOW,2258-04-10 20:12:58.781000+00:00
bLsqxfOFl6,p6bHxXfGV,COMPLETED,2259-06-25 15:35:10.093000+00:00
9zU8jsMhYj,E72iy9T0d,COMPLETED,2259-03-31 16:18:48.765000+00:00
b4H3MUjhvx,8RkhlRIjX,COMPLETED,2258-08-13 19:18:25.132000+00:00
EoFJ9i8iqX,pm5CpBcGK,COMPLETED,2259-01-08 17:40:11.686000+00:00
gdixPs3HOw,XG4HR8Te4,COMPLETED,2259-06-08 21:56:53.191000+00:00
OBtOAHXSPl,eQpC13cNp,MISSING_INFO,
wKFvqInSE1,RbLto8I49,COMPLETED,2259-02-04 17:45:44.411000+00:00
Bqt7aukUBl,aAxFJMF7a,MISSING_INFO,
5xhD4Udipk,8KaHJvHBn,COMPLETED,2259-05-04 15:43:06.857000+00:00
r4Sx9cOtew,KA2FOvsDB,COMPLETED,2259-07-08 18:42:17.712000+00:00
DQFe2h4CBe,82yhPzIab,DROP_OFF,2258-07-08 15:57:28.188000+00:00
AGHBoiZClK,9MDcMXuQ4,COMPLETED,2258-06-09 20:37:28.428000+00:00
EvFoLcDHdJ,WmECypUkg,NO_SHOW,2259-06-16 19:07:12.409000+00:00
0ySnOI6HAx,PpETznHRM,NO_SHOW,2259-03-26 21:21:57.364000+00:00
nOHkZCYtV6,8LNC3NHE8,COMPLETED,2259-07-05 16:45:20.490000+00:00
wVIBLHZCMD,BN2uXbfdD,DROP_OFF,2258-12-02 15:45:46.915000+00:00
5ySRMtXCQe,vkEhJbh1B,MISSING_INFO,
JmiW6frUJL,E48hWPIej,MISSING_INFO,
NGU9ytniKq,ragIJDIva,NO_SHOW,2259-05-27 17:22:59.861000+00:00
7Jh7rUZir4,wAycbZIvx,COMPLETED,2258-10-21 16:53:43.456000+00:00
rNha4u8ijr,jn1SZzH7D,COMPLETED,2258-08-18 19:17:47.393000+00:00
ZDTdjTjI7k,DZ3cO5SJW,MISSING_INFO,
V8F0zt8cXg,dWrtW3TDd,MISSING_INFO,
DKh3ouZc6O,1QNs0QUy7,COMPLETED,2258-09-02 15:24:12.897000+00:00
RLfgzcOhpw,5wKukgU4A,COMPLETED,2259-02-03 18:50:22.575000+00:00
W9CkKTBhpx,gRjtJztok,COMPLETED,2259-01-06 17:36:38.570000+00:00
ROIGNHvsK8,E3ki4NsMY,COMPLETED,2258-07-23 14:46:33.332000+00:00
PafzWSeup2,3ZLTlzfoX,COMPLETED,2258-02-23 18:00:28.322000+00:00
Rzt21sNuyN,wzRuObieb,NO_SHOW,2259-01-18 18:43:27.032000+00:00
eJfX7FnF9R,EMKC81Uxk,COMPLETED,2259-05-28 17:59:45.577000+00:00
Z9SM9UqumL,kbOh41i5E,COMPLETED,2259-03-10 17:39:05.660000+00:00
z3T6yu6I4P,J2Mu9BIbG,MISSING_INFO,
Zjho3toIv5,elZTYRiR6,COMPLETED,2258-08-14 19:04:12.010000+00:00
NaSKmtMc5y,586CRYhBV,MISSING_INFO,
bYt6mF3hR4,00ahvrCp5,COMPLETED,2258-11-03 17:04:47.405000+00:00
R9tnKujhqA,xK5T68COv,COMPLETED,2259-04-20 22:04:29.971000+00:00
QGFxYCgsNx,La8CKXI7L,COMPLETED,2258-03-04 21:06:15.066000+00:00
mvirafZCVq,QL6t6Rh2M,COMPLETED,2258-08-26 20:32:00.537000+00:00
DKfaWulH6z,QZVI0wU05,NO_SHOW,2258-12-08 16:30:52.129000+00:00
2XsYKT2Hnk,16xiLMfAW,COMPLETED,2259-06-25 17:40:59.559000+00:00
r9uY9sjS0g,VjQuGgcZl,NO_SHOW,2259-04-30 18:29:17.614000+00:00
R6ubDfQSnL,XG4HR8Te4,NO_SHOW,2259-05-27 14:34:56.941000+00:00
a3sw0UJCpn,BQ0CPRtRD,COMPLETED,2258-05-18 18:08:04.344000+00:00
NqUx1TRCDd,OnoFj6Uvr,COMPLETED,2259-03-05 16:34:52.619000+00:00
aginVh1Caj,bO9cwVtPj,MISSING_INFO,
ByhRvfzSkL,AeBsL4cJR,NO_SHOW,2259-02-22 21:03:55.057000+00:00
ppIA1iZfwE,jBeImGS3B,COMPLETED,2259-06-02 18:55:27.719000+00:00
oQupghNi7g,op0tO2igY,COMPLETED,2258-10-23 16:06:23.929000+00:00
LYFYXCaUO6,JPaSoxI70,COMPLETED,2258-10-29 19:13:18.492000+00:00
LyIOLS3Fld,57jf3ZcaB,NO_SHOW,2259-01-27 15:25:09.661000+00:00
mduOrheIQe,80pIPgINd,MISSING_INFO,
pMtY7cdI2v,RJbFg1S2B,DROP_OFF,2258-08-31 17:00:39.880000+00:00
YoSZPFpI60,wrkCQ3IdG,NO_SHOW,2259-06-03 15:14:20.281000+00:00
8jUeqfyhOa,7RKSBDho6,COMPLETED,2258-12-01 16:11:20.688000+00:00
58ugztJhOP,d8ahnVUny,COMPLETED,2259-04-13 19:51:55.827000+00:00
8XuDEcYsoR,WLrCVdhr3,COMPLETED,2259-06-21 17:32:08.752000+00:00
VgF4PU1u9v,YVOuGVTqX,COMPLETED,2258-11-27 14:41:40.334000+00:00
woFRdHXupe,OqruoVFEQ,COMPLETED,2258-11-23 15:10:41.030000+00:00
rdH12sluNJ,vAxukRHnA,COMPLETED,2258-09-17 14:53:32.162000+00:00
lJT52Uxu0B,Lw3fOvTVP,NO_SHOW,2259-06-02 16:25:06.590000+00:00
j9IWzCOFZz,MDxTWEFBL,DROP_OFF,2259-02-08 16:22:46.143000+00:00
02TqEIlFY5,BLjCaNtQg,DROP_OFF,2258-03-13 22:03:04.227000+00:00
02t2asDFnL,opbHLOT78,COMPLETED,2259-02-10 15:32:44.715000+00:00
kNsaKfzIP4,yn5CAYfAw,DROP_OFF,2259-04-02 16:37:47.369000+00:00
z5HAesYI0j,x8DI9mH86,MISSING_INFO,
nnu9gHVcjk,OAyCx9IzD,COMPLETED,2259-05-26 19:53:56.943000+00:00
8nSdRS0IW0,DDvCzkHbq,COMPLETED,2258-08-25 16:53:50.189000+00:00
B3sEmUxIvx,9MDcMXuQ4,DROP_OFF,2258-06-08 21:20:12.999000+00:00
0YUzZfVcky,oeXsR3CLp,NO_SHOW,2259-02-24 16:13:54.402000+00:00
5PfN0UJh1Y,7keSjoCPW,COMPLETED,2259-02-10 18:08:04.989000+00:00
qEUylFLhZb,QZVI0wU05,COMPLETED,2258-12-10 17:00:48.118000+00:00
ORsP0Flu8N,r6WUBjHry,DROP_OFF,2258-08-21 17:51:03.711000+00:00
vJU6ZTOCa7,jAJcN8S1d,MISSING_INFO,
llU7zS6Cw9,paYSNRcjG,COMPLETED,2258-08-20 16:55:44.804000+00:00
Y1UoMSBCvQ,ZnKt6Ofon,COMPLETED,2259-07-07 18:42:04.385000+00:00
bmFJaCkCPv,ag2hOQsgo,MISSING_INFO,
p4hwocYU2x,NXycO7IXv,COMPLETED,2259-04-16 15:52:28.012000+00:00
vws8OFlSVD,pBKIE8tpb,COMPLETED,2258-10-15 14:43:50.691000+00:00
YBT2WtASZd,o28CjBcYA,MISSING_INFO,
r9iLzt7SDz,WOQhYmS86,COMPLETED,2258-08-12 21:09:14.792000+00:00
apsrqIZfze,KRQtN7uoY,NO_SHOW,2259-02-10 19:41:41.462000+00:00
erf2OUMiBn,4y8CwRt1L,COMPLETED,2259-03-26 19:52:38.416000+00:00
MeuJLi7iLA,EebFNvf4D,NO_SHOW,2258-05-21 14:23:01.119000+00:00
L4SZNcrCaL,KO2SB4HB2,COMPLETED,2258-03-18 19:22:05.695000+00:00
zKCpmFzUWM,9X4fwpiYO,COMPLETED,2259-01-08 16:12:33.564000+00:00
kACM4tZS2k,1wktx3HY0,MISSING_INFO,
zrUoRcaSQo,g2vUx1fxg,COMPLETED,2259-03-18 19:54:51.255000+00:00
WvTN5Idiax,PGPTKgcYd,DROP_OFF,2258-05-29 19:37:35.234000+00:00
RxfVKfeir1,ZGEhNJCR0,NO_SHOW,2258-03-30 18:37:49.604000+00:00
jqh9ziqtoO,rplCjwFdm,COMPLETED,2259-03-11 19:36:34.884000+00:00
Pofq0Cetby,kldtjKhwY,COMPLETED,2259-06-22 14:46:54.241000+00:00
